model_id,label,model_type,family,params_M,mflops_tok,hidden_size,n_layers_unique,max_iters,notes,ppl,avg10,arc_c,arc_e,boolq,copa,hella,obqa,piqa,sciq,wino,mmlu,gsm8k
v0_gpt_baseline_d768,V0 GPT 12×1,GPT,gpt,162,321,768,12,1,,38.3084,46.67,24.488,45.875,56.606,59.0,32.991,29.6,63.166,78.1,51.697,25.196,2.199
v9_gpt_baseline_d1024_lr1e3,V9 GPT 24×1,GPT,gpt,354,503,1024,24,1,,29.8401,49.34,27.133,52.736,57.737,65.0,38.468,29.0,65.452,82.8,50.355,24.754,2.881
v12_gpt_6x2_d768_lr2e3,V12 GPT 6×2,Recurrent-GPT,gpt,120,321,768,6,2,,39.9761,46.39,23.976,46.002,56.667,58.0,32.294,30.8,63.112,77.7,50.592,24.712,2.047
v54_parallel_gpt_12x1_d768_lr2e3,V54 ParallelGPT 12×1,GPT,gpt,144,321,768,12,1,parallel layout,37.4354,46.75,26.28,47.601,52.049,60.0,33.35,30.8,64.363,77.6,51.144,24.341,2.35
v1_12x1_d768_lr2e3,V1 EGPT 12×1,EGPT,egpt,176,359,768,12,1,lr=2e-3,47.6608,46.49,23.635,44.613,61.101,64.0,30.771,29.2,62.187,75.2,50.671,23.515,1.744
v1_400m_d1024_lr7e4,V1-400M EGPT 24×1,EGPT,egpt,354,755,1024,24,1,,38.6101,48.07,25.171,48.611,60.122,65.0,34.525,29.6,62.786,77.5,51.697,25.701,1.668
v2_6x2_d768,V2 EGPT 6×2,EGPT,egpt,110,359,768,6,2,lr=3e-4,63.3221,44.25,22.526,40.236,61.04,56.0,28.331,28.2,61.371,69.3,50.75,24.726,1.971
v5_12x1_d768_attn_only_energy_lr2e3,V5 AttnOnly 12×1,EGPT,egpt,143,331,768,12,1,proj_mlp removed,48.6352,45.94,23.891,44.823,57.248,62.0,30.582,28.6,62.786,73.7,51.381,24.356,1.971
v6_12x1_d768_helmholtz_factored_lr2e3,V6 HelmF 12×1,EGPT,egpt,140,359,768,12,1,Helmholtz factored,82.0786,41.55,23.379,38.384,49.969,55.0,27.694,25.8,58.868,61.5,50.75,24.17,1.365
v7_12x1_d768_helmholtz_dual_lr2e3,V7 HelmD 12×1,EGPT,egpt,140,359,768,12,1,Helmholtz dual,63.367,42.91,22.099,41.33,47.187,61.0,28.68,27.0,60.827,66.7,50.75,23.487,1.289
v8_12x1_d768_helmholtz_dual_reversed_lr2e3,V8 HelmDR 12×1,EGPT,egpt,140,359,768,12,1,Helmholtz reversed,65.1463,43.52,23.208,42.298,53.945,57.0,28.57,27.2,60.229,68.9,50.276,23.594,1.137
v37_full_egrad_12x1_d768_lr2e3,V37 FullEGrad 12×1,EGrad,egrad,141,285,768,12,1,EGrad attn+MLP,37.7853,47.46,24.403,46.801,55.78,64.0,33.459,29.6,64.363,77.2,53.828,25.125,2.123
v38_full_egrad_24x1_d1024_lr1e3,V38 FullEGrad 24×1,EGrad,egrad,342,503,1024,24,1,,28.6507,49.76,28.669,52.062,58.746,63.0,39.703,31.6,66.594,80.0,52.644,24.605,1.44
v10_mixed_12x1_d768_lr2e3,V10 Mixed 12×1,MixH,mixhead,144,285,768,12,1,6E+6G heads,36.9924,46.73,25.512,46.759,56.483,57.0,33.44,27.4,65.397,76.9,52.723,25.709,1.516
v11_mixed_6x2_d768_lr2e3,V11 Mixed 6×2,MixH,mixhead,118,314,768,6,2,,40.6727,46.69,24.488,45.244,58.624,61.0,32.264,29.4,63.439,75.7,51.776,24.939,1.365
v13_mixed_8e4g_12x1_d768_lr2e3,V13 Mixed 8E+4G 12×1,MixH,mixhead,144,285,768,12,1,8E+4G heads,37.9362,46.41,24.403,48.064,51.713,61.0,33.26,30.4,63.33,78.0,49.329,24.647,1.668
v14_mixed_10e2g_12x1_d768_lr2e3,V14 Mixed 10E+2G 12×1,MixH,mixhead,144,285,768,12,1,,39.5083,46.83,25.683,46.633,56.544,60.0,32.603,29.4,64.309,75.7,51.618,25.815,1.592
v15_energy_grad_mixed_12x1_d768_lr2e3,V15 EGrad-MixH 12×1,MixH,mixhead,144,285,768,12,1,true EGrad output,36.9603,47.46,24.829,47.433,59.541,60.0,33.469,30.4,64.908,78.6,50.592,24.868,2.578
v16_mixed_energy_descent_12x1_d768_lr2e3,V16 EDesc-MixH 12×1,MixH,mixhead,144,285,768,12,1,EDesc output,36.9777,46.81,24.829,47.264,58.379,57.0,33.937,30.0,63.711,77.2,52.092,23.672,2.199
v17_energy_grad_6x2_d768_lr2e3,V17 EGrad-MixH 6×2,MixH,mixhead,118,314,768,6,2,,40.6633,46.58,23.208,45.286,60.734,59.0,31.926,30.6,63.33,76.1,50.987,24.647,1.971
v18_energy_desc_6x2_d768_lr2e3,V18 EDesc-MixH 6×2,MixH,mixhead,118,314,768,6,2,,40.5387,47.0,24.488,46.128,60.245,61.0,31.966,31.4,63.275,77.0,49.961,24.562,2.502
v19_energy_grad_24x1_d1024_lr1e3,V19 EGrad-MixH 24×1,MixH,mixhead,342,503,1024,24,1,,27.8049,50.49,27.73,55.471,57.706,66.0,40.46,32.4,66.812,82.6,50.592,25.089,2.123
v20_energy_desc_24x1_d1024_lr1e3,V20 EDesc-MixH 24×1,MixH,mixhead,342,503,1024,24,1,,27.9032,50.23,27.133,55.303,55.596,67.0,40.181,30.0,66.649,82.7,52.328,25.431,1.44
v21_energy_grad_6x2_d1024_lr1e3,V21 EGrad-MixH 6×2 d1024,MixH,mixhead,162,252,1024,6,2,,37.2849,47.88,25.597,48.106,55.352,65.0,33.908,31.4,64.255,77.2,53.512,24.491,1.971
v22_energy_desc_6x2_d1024_lr1e3,V22 EDesc-MixH 6×2 d1024,MixH,mixhead,162,252,1024,6,2,,37.0902,47.23,24.915,47.348,57.278,62.0,33.549,30.8,63.983,77.8,49.803,24.833,1.971
v23_energy_grad_12x2_d1024_lr1e3,V23 EGrad-MixH 12×2,MixH,mixhead,228,503,1024,12,2,,31.6444,48.5,26.451,51.557,56.972,61.0,36.895,29.8,65.887,81.2,50.434,24.776,1.971
v24_energy_desc_12x2_d1024_lr1e3,V24 EDesc-MixH 12×2,MixH,mixhead,228,503,1024,12,2,,31.7413,49.13,25.0,49.285,60.673,66.0,37.323,31.6,65.996,79.4,51.144,24.89,1.82
v25_energy_grad_6x4_d1024_lr1e3,V25 EGrad-MixH 6×4,MixH,mixhead,162,503,1024,6,4,uniform schedule,35.8844,47.7,23.379,48.485,58.777,67.0,34.087,29.4,63.765,77.9,50.118,24.113,1.592
v26_energy_grad_6x_ramp_d1024_lr1e3,V26 EGrad-MixH 6×ramp,MixH,mixhead,162,503,1024,6,9,ramp schedule,36.6439,47.62,25.085,46.759,60.183,64.0,33.579,28.8,64.635,76.6,52.723,23.821,1.744
v27_egrad_attn_12x1_d768_lr2e3,V27 EGrad-Attn 12×1,EGrad,egrad,141,285,768,12,1,attn-only EGrad,37.136,46.62,24.659,48.653,50.336,60.0,33.848,31.4,63.439,77.7,50.671,25.531,1.516
v28_edesc_12x1_d768_lr2e3,V28 EDesc 12×1,EGrad,egrad,141,285,768,12,1,,38.5908,47.01,24.317,46.759,58.991,60.0,32.882,29.6,63.547,78.1,51.144,24.797,1.592
v29_egrad_attn_6x2_d768_lr2e3,V29 EGrad-Attn 6×2,EGrad,egrad,118,314,768,6,2,,40.8947,46.88,24.744,45.96,58.563,64.0,31.886,28.0,63.602,76.6,51.618,23.8,1.061
v30_edesc_6x2_d768_lr2e3,V30 EDesc 6×2,EGrad,egrad,118,314,768,6,2,,42.4541,46.07,25.085,45.581,51.682,62.0,31.129,31.2,62.677,75.2,51.381,24.726,1.516
v31_egrad_attn_24x1_d1024_lr1e3,V31 EGrad-Attn 24×1,EGrad,egrad,342,503,1024,24,1,,27.9029,50.72,26.621,55.093,55.413,69.0,40.4,33.0,67.573,82.9,50.355,26.841,1.365
v32_edesc_24x1_d1024_lr1e3,V32 EDesc 24×1,EGrad,egrad,342,503,1024,24,1,,28.2064,50.37,27.986,53.62,54.924,68.0,39.982,31.4,67.791,83.7,51.144,25.16,2.502
v33_egrad_attn_6x2_d1024_lr1e3,V33 EGrad-Attn 6×2 d1024,EGrad,egrad,162,252,1024,6,2,,37.584,46.31,25.171,46.97,47.339,66.0,33.201,29.0,62.35,76.8,51.144,25.139,0.758
v34_edesc_6x2_d1024_lr1e3,V34 EDesc 6×2 d1024,EGrad,egrad,162,252,1024,6,2,,38.85,46.39,24.915,45.749,55.352,60.0,32.932,28.4,64.418,77.4,51.144,23.579,1.516
v35_egrad_attn_12x2_d1024_lr1e3,V35 EGrad-Attn 12×2,EGrad,egrad,228,503,1024,12,2,,32.0363,48.83,26.109,50.379,57.431,67.0,36.457,30.0,64.853,79.6,50.829,25.609,1.592
v36_edesc_12x2_d1024_lr1e3,V36 EDesc 12×2,EGrad,egrad,228,503,1024,12,2,,32.3213,48.87,25.171,49.411,59.45,65.0,36.218,31.2,65.669,81.1,50.829,24.676,1.668
v39_egpt_cosreg_12x1_d768_lr2e3,V39 ActCosreg λ=0.01,EGPT,cosreg,176,359,768,12,1,act cosreg,47.3001,46.29,24.488,44.781,58.196,64.0,30.671,29.0,62.514,74.6,50.75,23.914,2.123
v40_egpt_cosreg_24x1_d1024_lr7e4,V40 ActCosreg 400M,EGPT,cosreg,354,654,1024,24,1,400M act cosreg,35.8277,47.29,25.853,49.158,49.664,65.0,34.147,29.4,65.234,78.7,49.961,25.751,2.199
v41_sandwich_2gpt8e2gpt_d768_lr2e3,V41 Sandwich 2G+8E+2G,Sandwich,hybrid,143,359,768,12,1,,41.4394,47.85,25.256,46.044,59.633,66.0,31.697,30.8,64.853,76.7,52.249,25.274,2.123
v48_egpt_weight_cosreg_12x1_d768_lr2e3,V48 WtCosreg λ=0.01,EGPT,cosreg,143,359,768,12,1,weight cosreg,62.6434,44.91,23.635,43.308,58.593,62.0,29.098,28.8,60.936,68.0,50.434,24.32,1.365
v52_egpt_cosreg_lam1e1_12x1_d768_lr2e3,V52 ActCosreg λ=0.1,EGPT,cosreg,143,359,768,12,1,,47.4389,45.74,25.256,44.781,56.636,58.0,31.07,30.0,63.656,71.9,51.697,24.441,2.123
v53_egpt_cosreg_ramp1p0_12x1_d768_lr2e3,V53 ActCosreg ramp,EGPT,cosreg,143,359,768,12,1,cosine ramp to 1.0,47.6648,45.41,24.061,45.37,53.028,61.0,30.99,28.4,62.187,74.7,49.724,24.633,1.592
v56_egpt_1x12_d768_lr2e3,V56 Recurrent 1×12,Recurrent-EGPT,recurrent,143,359,768,1,12,RMSNorm,81.5528,43.44,22.867,39.184,62.294,59.0,27.445,26.4,58.705,62.8,51.539,24.185,1.668
v57_egpt_1x6_d768_lr2e3,V57 Recurrent 1×6,Recurrent-EGPT,recurrent,143,242,768,1,6,,89.1294,43.04,21.758,37.71,62.232,56.0,27.385,26.2,59.684,62.7,53.67,23.017,1.365
v58_egpt_1x24_d1024_lr1e3,V58 Recurrent 1×24,Recurrent-EGPT,recurrent,113,755,1024,1,24,,65.7418,44.34,22.696,39.099,61.896,61.0,28.281,27.0,60.065,68.4,51.46,23.537,1.744
v59_egpt_1x12_d1024_lr1e3,V59 Recurrent 1×12 d1024,Recurrent-EGPT,recurrent,113,503,1024,1,12,,69.2853,44.44,22.526,40.488,61.804,60.0,27.953,26.8,60.609,69.2,51.539,23.529,1.895
v63_egpt_1x12_d1408_lr2e3,V63 Recurrent 1×12 d1408,Recurrent-EGPT,recurrent,285,685,1408,1,12,wider,48.4889,45.44,23.805,43.224,56.728,60.0,30.034,28.8,61.643,73.4,51.776,24.968,2.047
v65_egpt_1x12_d768_layernorm_lr2e3,V65 Recurrent LN,Recurrent-EGPT,recurrent,143,359,768,1,12,LayerNorm,80.9963,42.26,23.72,38.258,61.743,49.0,27.335,26.6,59.467,63.1,50.118,23.216,1.82
v66_egpt_1x12_d768_rmsnorm_reileigh_lr2e3,V66 Recurrent Rayleigh,Recurrent-EGPT,recurrent,143,359,768,1,12,RMSNorm+Rayleigh,80.4209,43.3,22.952,39.562,61.376,55.0,27.694,26.0,59.576,66.5,51.302,23.002,1.668
v73_6gpt_1egpt6x_rmsray_d1280,V73 6GPT+1E×6 d1280,Hybrid,hybrid,282,511,1280,7,6,Rayleigh,29.624,49.91,26.28,53.62,51.743,67.0,38.787,32.6,67.628,84.4,50.987,26.008,1.44
v76_4gpt_1egpt6x_rmsray_d1024_reg128,V76 4GPT+1E×6+R128,Register-Hybrid,register,185,500,1024,5,6,128 registers,34.8619,48.69,26.451,50.337,58.104,65.0,35.62,31.0,66.54,79.5,49.961,24.356,
r1_4gpt_1egpt6x_rmsray_d1024,R1 4GPT+1E×6 d1024,Hybrid,hybrid,166,247,1024,5,6,36k steps,43.8515,46.43,24.573,45.749,59.174,63.0,31.259,29.4,62.568,73.3,50.513,24.79,2.047
r2_6gpt_1egpt6x_rmsray_d1280,R2 6GPT+1E×6 d1280,Hybrid,hybrid,213,398,1280,7,6,36k steps,39.7468,47.32,24.488,46.886,57.768,64.0,32.842,29.8,64.363,77.7,51.855,23.487,2.502
r3_11gpt_1egpt6x_rmsray_d1280,R3 11GPT+1E×6 d1280,Hybrid,hybrid,393,734,1280,12,6,36k steps,31.2526,49.0,26.877,50.547,56.147,64.0,37.781,32.8,66.431,79.8,51.776,23.814,2.35
u1_2gpt_4egpt3x_rmsray_d1280,U1 2G+4E×3+1G d1280,Hybrid,hybrid,277,622,1280,7,3,Rayleigh,33.0045,49.41,27.048,49.832,58.318,67.0,36.417,32.0,65.506,80.8,51.776,25.367,2.123
u2_2gpt_4gptrec3x_d1280,U2 2G+4GPTrec×3+1G,Recurrent-GPT,hybrid,284,668,1280,7,3,GPT control,34.9135,48.99,26.024,50.0,59.755,65.0,35.461,30.2,65.832,77.8,52.723,27.147,2.199
u3_2gpt_4egpt3x_rmsnorm_d1280,U3 2G+4E×3+1G RMS,Hybrid,hybrid,277,622,1280,7,3,no Rayleigh,32.9436,48.64,25.427,47.517,59.419,64.0,36.118,29.8,66.54,78.9,52.644,26.058,1.971
u4_2gpt_4egpt3x_rmsray_d1024,U4 2G+4E×3+1G d1024,Hybrid,hybrid,214,483,1024,7,3,d=1024,33.9515,48.61,26.962,48.443,53.211,67.0,35.69,31.6,65.125,80.4,51.855,25.773,1.289
h1_6gpt_1egpt6x_d768,H1 6GPT+1E×6 d768,Hybrid,hybrid_160,126,305,768,7,6,V73-small,41.3513,46.92,25.0,46.17,57.095,61.0,31.996,28.4,63.003,79.4,52.17,24.954,2.047
h2_6gpt_2egpt3x_d768,H2 6GPT+2E×3 d768,Hybrid,hybrid_160,133,305,768,8,3,,40.7103,47.04,24.488,46.507,57.309,62.0,32.673,30.0,62.296,79.4,52.328,23.358,1.971
h3_6gpt_4egpt_d768,H3 6GPT+4EGPT d768,Hybrid,hybrid_160,143,283,768,10,1,deep,39.7528,47.66,25.171,46.549,58.349,64.0,32.464,30.8,63.819,78.1,51.618,25.758,1.971
h4_4gpt_1egpt8x_d768,H4 4GPT+1E×8 d768,Hybrid,hybrid_160,119,299,768,5,8,long recurrence,46.0627,46.6,23.805,45.707,61.927,63.0,30.98,27.4,63.275,73.8,52.013,24.049,1.82
h5_6gpt_1egpt1x_d768,H5 6GPT+1E×1 d768,Hybrid,hybrid_160,120,250,768,7,1,minimal EGPT,42.0541,46.79,25.768,45.665,57.523,62.0,31.647,28.2,63.33,77.5,52.17,24.085,2.805
h6_4gpt_4egpt_4gpt_d768,H6 4GPT+4E+4GPT d768,Sandwich,hybrid_160,162,311,768,12,1,balanced sandwich,39.0614,45.84,24.232,47.727,49.113,59.0,32.842,29.2,64.255,77.3,49.961,24.79,1.668
reg_v0_gpt_12x1_d768_r128,reg-V0-GPT+R128,Register-GPT,register,162,324,768,12,1,GPT+128 regs,36.2869,48.62,25.853,48.148,56.85,69.0,34.067,30.4,65.343,79.3,51.302,25.965,0.0
reg_v1_egpt_12x1_d768_r128,reg-V1-EGPT+R128,Register-EGPT,register,176,286,768,12,1,EGPT+128 regs,46.4073,45.47,23.379,45.623,50.55,62.0,30.94,28.8,62.187,76.0,50.513,24.69,2.426
reg_v1_egpt_12x1_d768_r16,reg-V1-EGPT+R16,Register-EGPT,register,176,286,768,12,1,EGPT+16 regs,47.1949,46.2,23.805,45.918,57.584,61.0,30.522,27.4,62.133,76.5,52.17,24.968,1.289
reg_v56_1x12_d768_r128,reg-V56-Rec+R128,Register-EGPT,register,143,286,768,1,12,Recurrent+128 regs,80.402,43.18,23.038,38.005,60.948,55.0,27.863,27.8,59.032,65.5,51.223,23.401,0.682
reg_v73_6gpt_1egpt6x_d1280_r128,reg-V73+R128,Register-Hybrid,register,282,511,1280,7,6,V73+128 regs,28.8155,50.8,28.669,53.872,52.477,71.0,39.335,32.8,67.9,84.7,50.908,26.342,0.607
reg_v41_sandwich_2g8e2g_d768_r128,reg-V41-Sandwich+R128,Register-Hybrid,register,143,324,768,12,1,Sandwich+128 regs,40.411,47.21,25.597,45.328,60.948,61.0,32.752,29.4,64.363,76.7,51.381,24.591,0.0
reg_h1_6gpt_1egpt6x_d768_r128,reg-H1+R128,Register-Hybrid,register,126,305,768,7,6,H1+128 regs,40.4463,47.83,26.195,46.759,59.939,61.0,32.394,30.2,63.221,79.6,54.301,24.719,0.303
b1_boltz_moe_16x1024_d768_lr2e3,B1 BoltzMoE no-reg,MoE,moe,407,285,768,12,1,16 iso-param experts,51.8988,46.14,22.099,42.929,59.358,66.0,30.542,29.8,61.915,73.4,50.355,25.018,1.365
b2_boltz_moe_repulsion_16x1024_d768_lr2e3,B2 BoltzMoE rep0.01,MoE,moe,407,285,768,12,1,repulsion λ=0.01,52.5035,44.77,23.294,41.709,58.532,59.0,30.283,26.8,62.731,70.7,50.039,24.598,2.274
b3_boltz_moe_dropout_wd_16x1024_d768_lr2e3,B3 BoltzMoE drop+WD,MoE,moe,407,285,768,12,1,dropout+WD=0.3,58.0101,43.82,24.573,41.288,46.147,62.0,29.675,27.4,61.589,70.0,50.908,24.64,1.895
b4_boltz_moe_repulsion_strong_16x1024_d768_lr2e3,B4 BoltzMoE rep0.1,MoE,moe,407,285,768,12,1,repulsion λ=0.1,51.8727,45.3,22.696,43.14,56.667,62.0,30.711,28.2,62.514,72.4,49.882,24.833,1.668
b5_boltz_moe_rep_strong_dropout_wd_16x1024_d768_lr2e3,B5 BoltzMoE rep+drop,MoE,moe,407,285,768,12,1,rep0.1+drop+WD,58.6519,45.29,22.782,41.877,60.275,62.0,29.128,29.2,62.459,71.0,50.513,23.693,2.35
c1_topk_energy_moe_4x2048_top2_d768,C1 TopK 4×2048 top2,MoE,moe,256,285,768,12,1,proper MoE top-2,47.3439,45.8,22.867,45.16,50.0,67.0,31.269,30.2,61.97,74.1,51.066,24.334,2.047
c2_surrogate_boltz_16x1024_d768,C2 SurrogateBoltz,MoE,moe,407,285,768,12,1,KL distil during train,59.4137,43.31,22.696,41.204,47.92,57.0,29.526,27.8,61.045,69.9,52.013,23.999,1.895
c3_attn_moe_2x_d768,C3 AttnMoE 2x,MoE,moe,156,359,768,12,1,attn MoE alignment route,1383.0052,37.85,25.341,31.229,40.917,58.0,27.156,25.8,55.713,37.3,51.934,25.082,
c4_paired_unit_moe_2x_d768,C4 PairedUnit 2x,MoE,moe,250,359,768,12,1,paired attn+FFN units,5637.9029,35.51,22.44,29.167,37.829,58.0,26.3,26.4,50.762,30.1,51.223,22.903,
